# Brightest 1000 stars, derived from the HYG star database
# https://codeberg.org/astronexus/hyg -- CC BY-SA 4.0
# name,ra_hours,dec_deg,mag,ci
Sirius,6.752481,-16.716116,-1.440,0.009
Canopus,6.399195,-52.695660,-0.620,0.164
Arcturus,14.261030,19.182410,-0.050,1.239
Rigil Kentaurus,14.660765,-60.833976,-0.010,0.710
Vega,18.615640,38.783692,0.030,-0.001
Capella,5.278150,45.997991,0.080,0.795
Rigel,5.242298,-8.201640,0.180,-0.030
Procyon,7.655033,5.224993,0.400,0.432
Achernar,1.628556,-57.236757,0.450,-0.158
Betelgeuse,5.919529,7.407063,0.450,1.500
Hadar,14.063729,-60.373039,0.610,-0.231
Altair,19.846388,8.868322,0.760,0.221
Acrux,12.443311,-63.099092,0.770,-0.243
Aldebaran,4.598677,16.509301,0.870,1.538
HD,5.277926,46.000842,0.960,0.650
Spica,13.419883,-11.161322,0.980,-0.235
Antares,16.490128,-26.432002,1.060,1.865
Pollux,7.755277,28.026199,1.160,0.991
Fomalhaut,22.960838,-29.622236,1.170,0.145
Mimosa,12.795359,-59.688764,1.250,-0.238
Deneb,20.690532,45.280338,1.250,0.092
Toliman,14.660346,-60.838300,1.350,0.900
Regulus,10.139532,11.967207,1.360,-0.087
Adhara,6.977097,-28.972084,1.500,-0.211
Castor,7.576634,31.888276,1.580,0.034
Gacrux,12.519429,-57.113212,1.590,1.600
Shaula,17.560145,-37.103821,1.620,-0.231
Bellatrix,5.418851,6.349702,1.640,-0.224
Elnath,5.438198,28.607450,1.650,-0.130
Miaplacidus,9.220041,-69.717208,1.670,0.070
Alnilam,5.603559,-1.201920,1.690,-0.184
Alnair,22.137209,-46.960975,1.730,-0.070
Alnitak,5.679313,-1.942572,1.740,-0.199
Gam-2 Vel,8.158876,-47.336588,1.750,-0.145
Alioth,12.900472,55.959821,1.760,-0.022
Mirfak,3.405378,49.861180,1.790,0.481
Kaus Australis,18.402868,-34.384616,1.790,-0.031
Dubhe,11.062155,61.751033,1.810,1.061
Wezen,7.139857,-26.393200,1.830,0.671
Alkaid,13.792354,49.313265,1.850,-0.099
Avior,8.375236,-59.509483,1.860,1.196
Sargas,17.621980,-42.997824,1.860,0.406
Menkalinan,5.992149,44.947433,1.900,0.077
Atria,16.811077,-69.027715,1.910,1.447
Alhena,6.628528,16.399252,1.930,0.001
Alsephina,8.745059,-54.708821,1.930,0.043
Peacock,20.427459,-56.735090,1.940,-0.118
Polaris,2.529750,89.264109,1.970,0.636
Mirzam,6.378329,-17.955918,1.980,-0.240
Alphard,9.459790,-8.658603,1.990,1.440
Hamal,2.119555,23.462423,2.010,1.151
Algieba,10.332873,19.841489,2.010,1.128
Diphda,0.726490,-17.986605,2.040,1.019
Nunki,18.921090,-26.296722,2.050,-0.134
Menkent,14.111395,-36.369954,2.060,1.011
Alpheratz,0.139791,29.090432,2.070,-0.038
Mirach,1.162194,35.620558,2.070,1.576
Saiph,5.795941,-9.669605,2.070,-0.168
Kochab,14.845105,74.155505,2.070,1.465
Tiaki,22.711115,-46.884577,2.070,1.610
Rasalhague,17.582241,12.560035,2.080,0.155
Algol,3.136148,40.955648,2.090,-0.003
Almach,2.064984,42.329725,2.100,1.370
Denebola,11.817663,14.572060,2.140,0.090
Cih,0.945143,60.716740,2.150,-0.046
Gam Cen,12.691971,-48.959888,2.200,-0.023
Naos,8.059737,-40.003148,2.210,-0.269
Aspidiske,9.284838,-59.275229,2.210,0.189
Alphecca,15.578128,26.714693,2.220,0.032
Suhail,9.133268,-43.432589,2.230,1.665
Mizar,13.398747,54.925362,2.230,0.057
Sadr,20.370473,40.256679,2.230,0.673
Schedar,0.675116,56.537331,2.240,1.170
Eltanin,17.943437,51.488895,2.240,1.521
Mintaka,5.533445,-0.299092,2.250,-0.175
Caph,0.152887,59.149780,2.280,0.380
Eps Cen,13.664796,-53.466394,2.290,-0.171
Dschubba,16.005557,-22.621710,2.290,-0.117
Larawag,16.836080,-34.293232,2.290,1.144
Alp Lup,14.698823,-47.388200,2.300,-0.154
Eta Cen,14.591786,-42.157824,2.330,-0.157
Merak,11.030677,56.382427,2.340,0.033
Izar,14.749784,27.074222,2.350,0.966
Enif,21.736433,9.875011,2.380,1.520
Kap Sco,17.708132,-39.029983,2.390,-0.171
Ankaa,0.438056,-42.305981,2.400,1.083
Phecda,11.897168,53.694760,2.410,0.044
Sabik,17.172968,-15.724910,2.430,0.059
Scheat,23.062901,28.082789,2.440,1.655
Aludra,7.401584,-29.303104,2.450,-0.083
Alderamin,21.309630,62.585573,2.450,0.257
Markeb,9.368562,-55.010668,2.470,-0.141
Aljanah,20.770178,33.970256,2.480,1.021
Markab,23.079348,15.205264,2.490,-0.002
Menkar,3.037992,4.089734,2.540,1.630
Zet Oph,16.619316,-10.567090,2.540,0.038
Zet Cen,13.925667,-47.288375,2.550,-0.176
Zosma,11.235138,20.523717,2.560,0.128
Acrab,16.090620,-19.805453,2.560,-0.065
Arneb,5.545504,-17.822289,2.580,0.211
Del Cen,12.139310,-50.722425,2.580,-0.128
Gienah,12.263437,-17.541929,2.580,-0.107
Ascella,19.043532,-29.880105,2.600,0.062
Zubeneschamali,15.283449,-9.382917,2.610,-0.071
Unukalhai,15.737798,6.425627,2.630,1.167
Sheratan,1.910668,20.808035,2.640,0.165
Phact,5.660817,-34.074108,2.650,-0.120
Mahasim,5.995351,37.212585,2.650,-0.083
Kraz,12.573121,-23.396759,2.650,0.893
Ruchbah,1.430216,60.235283,2.660,0.160
Muphrid,13.911411,18.397717,2.680,0.580
Bet Lup,14.975537,-43.133960,2.680,-0.184
Hassaleh,4.949894,33.166090,2.690,1.490
Mu Vel,10.779488,-49.420255,2.690,0.901
Alp Mus,12.619739,-69.135564,2.690,-0.176
Lesath,17.512732,-37.295811,2.700,-0.179
Pi Pup,7.285711,-37.097470,2.710,1.616
Kaus Media,18.349900,-29.828103,2.720,1.380
Tarazed,19.770994,10.613261,2.720,1.507
Yed Prior,16.239094,-3.694323,2.730,1.584
Athebyne,16.399860,61.514213,2.730,0.910
The Car,10.715949,-64.394450,2.740,-0.220
Porrima,12.694345,-1.449375,2.740,0.368
Hatysa,5.590551,-5.909901,2.750,-0.210
Iot Cen,13.343296,-36.712295,2.750,0.068
Zubenelgenubi,14.847977,-16.041778,2.750,0.147
Cebalrai,17.724543,4.567303,2.760,1.168
Cursa,5.130829,-5.086446,2.780,0.161
Kornephoros,16.503668,21.489613,2.780,0.947
Rasalgethi,17.244127,14.390333,2.780,1.164
Imai,12.252427,-58.748928,2.790,-0.193
Rastaban,17.507213,52.301387,2.790,0.954
Gam Lup,15.585681,-41.166757,2.800,-0.216
Nihal,5.470756,-20.759441,2.810,0.807
Zet Her,16.688113,31.602726,2.810,0.650
Bet Hyi,0.427916,-77.254247,2.820,0.618
Paikauhale,16.598043,-28.216016,2.820,-0.206
Kaus Borealis,18.466179,-25.421700,2.820,1.025
Algenib,0.220598,15.183596,2.830,-0.190
Tureis,8.125737,-24.304324,2.830,0.458
Bet TrA,15.919083,-63.430727,2.830,0.315
Zet Per,3.902200,31.883635,2.840,0.271
Bet Ara,17.421665,-55.529884,2.840,1.479
Alp Ara,17.530695,-49.876145,2.840,-0.136
Alcyone,3.791410,24.105137,2.850,-0.086
Vindemiatrix,13.036278,10.959150,2.850,0.934
Deneb Algedi,21.784011,-16.127286,2.850,0.180
Castor B,7.576827,31.890520,2.850,0.650
Alp Hyi,1.979451,-61.569859,2.860,0.290
Fawaris,19.749574,45.130810,2.860,-0.002
Tejat,6.382673,22.513586,2.870,1.621
Gam TrA,15.315181,-68.679545,2.870,0.014
Alp Tuc,22.308371,-60.259587,2.870,1.390
Acamar,2.971023,-40.304672,2.880,0.128
Albaldah,19.162731,-21.023615,2.880,0.377
Gomeisa,7.452512,8.289315,2.890,-0.097
Cor Caroli,12.933807,38.318380,2.890,-0.115
Fang,15.980865,-26.114105,2.890,-0.180
Eps Per,3.964230,40.010215,2.900,-0.199
Alniyat,16.353143,-25.592796,2.900,0.299
Sadalsuud,21.525982,-5.571172,2.900,0.828
Gam Per,3.079942,53.506440,2.910,0.716
Ups Car,9.785036,-65.072007,2.920,0.273
Matar,22.716704,30.221245,2.930,0.852
Tau Pup,6.832266,-50.614560,2.940,1.207
Algorab,12.497739,-16.515432,2.940,-0.012
Sadalmelik,22.096399,-0.319851,2.950,0.969
Zaurak,3.967157,-13.508515,2.970,1.588
Tianguan,5.627413,21.142549,2.970,-0.148
Ras Elased Australis,9.764188,23.774255,2.970,0.808
Alnasl,18.096803,-30.424091,2.980,0.981
Gam Hya,13.315359,-23.171512,2.990,0.920
Iot-1 Sco,17.793078,-40.126997,2.990,0.509
Okab,19.090169,13.863478,2.990,0.014
Bet Tri,2.159058,34.987297,3.000,0.140
Psi UMa,11.161062,44.498487,3.000,1.144
Pherkad,15.345483,71.834016,3.000,0.058
Xamidimura,16.864509,-38.047380,3.000,-0.200
Aldhanab,21.898808,-37.364852,3.000,-0.084
Del Per,3.715416,47.787551,3.010,-0.125
Furud,6.338553,-30.063367,3.020,-0.160
Omi-2 CMa,7.050409,-23.833291,3.020,-0.077
Eps Crv,12.168746,-22.619766,3.020,1.326
Almaaz,5.032815,43.823308,3.030,0.537
Bet Mus,12.771346,-68.108119,3.040,-0.178
Seginus,14.534636,38.308253,3.040,0.191
Albireo,19.512023,27.959681,3.050,1.088
Dabih,20.350187,-14.781367,3.050,0.790
Mebsuta,6.732202,25.131124,3.060,1.377
Tania Australis,10.372155,41.499516,3.060,1.603
Altais,19.209225,67.661541,3.070,0.990
Eta Sgr,18.293793,-36.761686,3.100,1.582
Zet Hya,8.923230,5.945563,3.110,0.978
Nu Hya,10.827079,-16.193648,3.110,1.232
Lam Cen,11.596363,-63.019841,3.110,-0.044
Alp Ind,20.626116,-47.291502,3.110,0.998
Wazn,5.849329,-35.768309,3.120,1.146
Talitha,8.986828,48.041826,3.120,0.223
Zet Ara,16.977006,-55.990141,3.120,1.552
Sarin,17.250531,24.839204,3.120,0.080
Kap Cen,14.986025,-42.104194,3.130,-0.208
Alp Lyn,9.350925,34.392562,3.140,1.550
HD82668,9.520371,-57.034377,3.160,1.538
Pi Her,17.250788,36.809162,3.160,1.437
Nu Pup,6.629353,-43.195934,3.170,-0.103
The UMa,9.547715,51.677300,3.170,0.475
Aldhibah,17.146448,65.714683,3.170,-0.120
Phi Sgr,18.760940,-26.990778,3.170,-0.107
Haedus,5.108580,41.234474,3.180,-0.148
Alp Cir,14.708492,-64.975138,3.180,0.256
Tabit,4.830669,6.961276,3.190,0.484
Eps Lep,5.091018,-22.371032,3.190,1.460
Kap Oph,16.961139,9.375033,3.190,1.160
Fuyue,17.830965,-37.043304,3.190,1.192
Zet Cyg,21.215607,30.226916,3.210,0.990
Errai,23.655820,77.632276,3.210,1.031
Del Lup,15.356201,-40.647518,3.220,-0.227
Yed Posterior,16.305358,-4.692511,3.230,0.966
Eta Ser,18.355167,-2.898825,3.230,0.941
Alfirk,21.477662,70.560716,3.230,-0.201
Alp Pic,6.803194,-61.941391,3.240,0.225
The Aql,20.188413,-0.821461,3.240,-0.066
Sig Pup,7.487179,-43.301432,3.250,1.509
Pi Hya,14.106193,-26.682361,3.250,1.091
Brachium,15.067839,-25.281965,3.250,1.674
Sulafat,18.982395,32.689557,3.250,-0.049
Gam Hyi,3.787295,-74.238962,3.260,1.590
Del And,0.655462,30.861024,3.270,1.268
The Oph,17.366827,-24.999545,3.270,-0.186
Skat,22.910837,-15.820820,3.270,0.066
Mu Lep,5.215528,-16.205468,3.290,-0.110
Ome Car,10.228961,-70.037903,3.290,-0.074
Edasich,15.415494,58.966065,3.290,1.166
Alp Dor,4.566598,-55.044975,3.300,-0.079
HD91465,10.533743,-61.685332,3.300,-0.089
Propus,6.247961,22.506799,3.310,1.600
Gam Ara,17.423239,-56.377727,3.310,-0.150
Bet Phe,1.101407,-46.718414,3.320,0.885
Rho Per,3.086270,38.840274,3.320,1.528
Megrez,12.257086,57.032617,3.320,0.077
Eta Sco,17.202552,-43.239189,3.320,0.441
Nu Oph,17.983775,-9.773632,3.320,0.987
Tau Sgr,19.115670,-27.670423,3.320,1.169
Alp Ret,4.240404,-62.473858,3.330,0.915
Chertan,11.237335,15.429570,3.330,-0.003
Azmidi,7.821571,-24.859786,3.340,1.218
Segin,1.906584,63.670101,3.350,-0.150
Eta Ori,5.407949,-2.397146,3.350,-0.240
Alzirr,6.754824,12.895591,3.350,0.443
Muscida,8.504431,60.718169,3.350,0.856
Del Aql,19.424972,3.114775,3.360,0.319
Eps Lup,15.378021,-44.689622,3.370,-0.191
Ashlesha,8.779587,6.418809,3.380,0.685
Heze,13.578220,-0.595820,3.380,0.114
Meissa,5.585633,9.934158,3.390,-0.160
HD89388,10.284720,-61.332304,3.390,1.541
Minelauva,12.926725,3.397470,3.390,1.571
Zet Cep,22.180908,58.201261,3.390,1.558
Chamukuy,4.477705,15.870883,3.400,0.179
HD,17.172783,-15.726921,3.400,0.650
Gam Phe,1.472759,-43.318234,3.410,1.542
Lam Tau,4.011338,12.490347,3.410,-0.099
Nu Cen,13.825078,-41.687709,3.410,-0.225
Zet Lup,15.204760,-52.099247,3.410,0.918
Eta Cep,20.754811,61.838782,3.410,0.912
Homam,22.691033,10.831364,3.410,-0.086
Mothallah,1.884696,29.578829,3.420,0.488
Eta Lup,16.002036,-38.396706,3.420,-0.206
Mu Her,17.774319,27.720676,3.420,0.750
Bet Pav,20.749314,-66.203212,3.420,0.163
HD79351,9.182804,-58.966896,3.430,-0.190
Adhafera,10.278171,23.417311,3.430,0.307
Lam Aql,19.104150,-4.882554,3.430,-0.096
Tania Borealis,10.284952,42.914365,3.450,0.029
Achird,0.818260,57.815187,3.460,0.587
Eta Cet,1.143164,-10.182264,3.460,1.161
Chi Car,7.946313,-52.982360,3.460,-0.177
Del Boo,15.258376,33.314833,3.460,0.961
Kaffaljidhma,2.721678,3.235818,3.470,0.093
Mu Cen,13.826943,-42.473732,3.470,-0.170
Eta Leo,10.122209,16.762664,3.480,-0.031
Eta Her,16.714933,38.922254,3.480,0.916
Tau Cet,1.734479,-15.937480,3.490,0.727
Nganurganity,7.028652,-27.934830,3.490,1.729
Alula Borealis,11.307983,33.094306,3.490,1.400
Nekkar,15.032436,40.390566,3.490,0.956
Alp Tel,18.449561,-45.968459,3.490,-0.179
Eps Gru,22.809239,-51.316864,3.490,0.083
Kap CMa,6.830683,-32.508478,3.500,-0.116
Wasat,7.335383,21.982320,3.500,0.374
Iot Cep,22.828020,66.200408,3.500,1.053
Gam Sge,19.979285,19.492148,3.510,1.571
Sadalbari,22.833385,24.601579,3.510,0.933
Rana,3.720806,-9.763395,3.520,0.915
Subra,9.685843,9.892308,3.520,0.516
Phi Vel,9.947708,-54.567790,3.520,-0.067
Sheliak,18.834665,33.362667,3.520,0.003
Xi-2 Sgr,18.962167,-21.106654,3.520,1.151
Biham,22.169996,6.197865,3.520,0.086
Gam Vir,12.694171,-1.449235,3.520,0.650
Ain,4.476943,19.180431,3.530,1.014
Tarf,8.275256,9.185545,3.530,1.481
Xi Hya,11.550038,-31.857625,3.540,0.947
Mu Ser,15.827002,-3.430208,3.540,-0.036
Xi Ser,17.626445,-15.398557,3.540,0.262
Ups-4 Eri,4.298237,-33.798348,3.550,-0.108
Zet Lep,5.782595,-14.821950,3.550,0.104
Iot Lup,14.323396,-46.058093,3.550,-0.184
Chi Dra,18.350736,72.732843,3.550,0.489
Del Pav,20.145157,-66.182068,3.550,0.751
Iot Cet,0.323799,-8.823921,3.560,1.214
Phi Eri,2.275154,-51.512165,3.560,-0.120
Del Crt,11.322347,-14.778541,3.560,1.112
Pipirima,16.872263,-38.017536,3.560,-0.210
Kap Gem,7.740793,24.397993,3.570,0.932
Alkaphrah,9.060427,47.156525,3.570,0.007
Rho Boo,14.530500,30.371437,3.570,1.298
Phi-1 Lup,15.363440,-36.261376,3.570,1.534
Lam Gem,7.301550,16.540383,3.580,0.106
Algedi,20.300904,-12.544852,3.580,0.883
Nembus,1.633205,48.628213,3.590,1.275
Tau Ori,5.293442,-6.844409,3.590,-0.115
Gam Lep,5.741057,-22.448382,3.590,0.481
Zavijava,11.844922,1.764718,3.590,0.518
Ginan,12.356031,-60.401147,3.590,1.389
The Cet,1.400390,-8.183257,3.600,1.065
The Gem,6.879816,33.961254,3.600,0.102
Omi Vel,8.671554,-52.921887,3.600,-0.168
Psi Vel,9.511674,-40.466769,3.600,0.371
Ups Lib,15.617070,-28.135079,3.600,1.361
Del Ara,17.518318,-60.683848,3.600,-0.104
Bharani,2.833063,27.260507,3.610,-0.100
Omi Tau,3.413554,9.028870,3.610,0.887
Lam Hya,10.176467,-12.354083,3.610,1.007
Del Mus,13.037759,-71.548855,3.610,1.190
Eta Pav,17.762221,-64.723871,3.610,1.161
Alpherg,1.524725,15.345823,3.620,0.974
Atlas,3.819373,24.053415,3.620,-0.070
HD63032,7.754249,-37.968584,3.620,1.706
Zet-2 Sco,16.909731,-42.361313,3.620,1.393
Omi And,23.032017,42.325979,3.620,-0.099
Lam Mus,11.760141,-66.728763,3.630,0.160
Rotanev,20.625816,14.595087,3.640,0.425
Prima Hyadum,4.329889,15.627642,3.650,0.981
23 UMa,9.525453,63.061861,3.650,0.360
Bet Ser,15.769793,15.421826,3.650,0.073
The Ara,18.110520,-50.091477,3.650,-0.101
Zet-1 Aqr,22.480531,-0.019972,3.650,0.406
Nusakan,15.463818,29.105703,3.660,0.319
Tau Lib,15.644270,-29.777754,3.660,-0.177
Thuban,14.073165,64.375850,3.670,-0.049
Bet Ind,20.913498,-58.454155,3.670,1.250
Pi-4 Ori,4.853434,5.605104,3.680,-0.157
Alp Pyx,8.726539,-33.186385,3.680,-0.180
Del Sge,19.789795,18.534286,3.680,1.313
88 Aqr,23.157443,-21.172410,3.680,1.202
Fulu,0.616188,53.896909,3.690,-0.196
Chi Eri,1.932564,-51.608896,3.690,0.844
Saclateni,5.041301,41.075837,3.690,1.154
HD84810,9.754117,-62.507903,3.690,1.010
Taiyangshou,11.767515,47.779406,3.690,1.181
Nashira,21.668181,-16.662308,3.690,0.320
Tau-4 Eri,3.325278,-21.757864,3.700,1.614
Xi Her,17.962744,29.247880,3.700,0.935
Gam Psc,23.286094,3.282289,3.700,0.916
Pi-5 Ori,4.904193,2.440672,3.710,-0.179
Eta Lep,5.940082,-14.167700,3.710,0.337
HD64440,7.870288,-40.575786,3.710,1.012
Eps Ser,15.846935,4.477730,3.710,0.147
72 Oph,18.122496,9.563847,3.710,0.159
Alshain,19.921887,6.406763,3.710,0.855
Ran,3.548848,-9.458262,3.720,0.881
Electra,3.747927,24.113339,3.720,-0.105
Del Aur,5.992111,54.284656,3.720,1.010
Xi Cyg,21.082184,43.927852,3.720,1.609
Xi Tau,3.452820,9.732680,3.730,-0.082
109 Vir,14.770812,1.892885,3.730,-0.005
Grumium,17.892134,56.872643,3.730,1.177
Nu Oct,21.691253,-77.390046,3.730,1.008
Lam Aqr,22.876910,-7.579599,3.730,1.626
Baten Kaitos,1.857676,-10.335038,3.740,1.136
Gam Her,16.365338,19.153130,3.740,0.299
Tau Cyg,21.246517,38.045317,3.740,0.393
HD78004,9.069248,-47.097737,3.750,1.174
Gam Oph,17.798211,2.707276,3.750,0.043
Bet Dor,5.560421,-62.489825,3.760,0.640
Del Lep,5.855357,-20.879089,3.760,0.984
Bet Mon,6.480297,-7.033062,3.760,-0.113
Omi Sgr,19.078050,-21.741496,3.760,1.012
Iot-2 Cyg,19.495098,51.729779,3.760,0.148
Alp Lac,22.521515,50.282491,3.760,0.031
Miram,2.844945,55.895496,3.770,1.690
Nu Per,3.753232,42.578549,3.770,0.425
Secunda Hyadum,4.382247,17.542514,3.770,0.983
Sig Ori,5.645769,-2.600069,3.770,-0.190
Bet Vol,8.428951,-66.136890,3.770,1.132
HD74180,8.677103,-46.648744,3.770,0.670
Eta Ara,16.829760,-59.041378,3.770,1.562
Sualocin,20.660635,15.912072,3.770,-0.057
Zet Cap,21.444452,-22.411332,3.770,1.002
Iot Peg,22.116847,25.345112,3.770,0.435
Gam-2 Vol,7.145788,-70.498932,3.780,1.006
Iot Gem,7.428779,27.798080,3.780,1.024
Ups UMa,9.849867,59.038735,3.780,0.291
HD94510,10.891559,-58.853171,3.780,0.945
Zet Boo,14.685820,13.728300,3.780,0.044
Albali,20.794598,-9.495776,3.780,0.000
Misam,3.158258,44.857544,3.790,0.980
Praecipua,10.888526,34.214871,3.790,1.040
Dalim,3.201249,-28.987618,3.800,0.543
HD61555,7.647186,-26.803836,3.800,-0.159
Del Ser,15.580041,10.538867,3.800,0.268
Kap Cyg,19.285040,53.368459,3.800,0.950
31 Cyg,20.227196,46.741329,3.800,1.270
Theemin,4.592512,-30.562341,3.810,0.957
HD90853,10.464649,-58.739403,3.810,0.317
Gam CrB,15.712381,26.295637,3.810,0.020
Lam And,23.626056,46.458152,3.810,0.984
Alrescha,2.034117,2.763759,3.820,0.024
38 Lyn,9.314069,36.802597,3.820,0.066
Giausar,11.523407,69.331076,3.820,1.613
Marfik,16.515229,1.983923,3.820,0.022
Iot Her,17.657747,46.006332,3.820,-0.179
Mu Hya,10.434842,-16.836290,3.830,1.456
Phi Cen,13.971186,-42.100753,3.830,-0.224
Alp Aps,14.797701,-79.044751,3.830,1.433
Bet Ret,3.736593,-64.806903,3.840,1.133
Atik,3.738648,32.288248,3.840,0.022
The-1 Tau,4.476248,15.962181,3.840,0.952
HD76728,8.917457,-60.644609,3.840,-0.104
Rho Leo,10.546853,9.306586,3.840,-0.148
HD92139,10.621717,-48.225620,3.840,0.300
Gam Mus,12.541134,-72.132988,3.840,-0.157
Omi Her,18.125708,28.762488,3.840,-0.018
Polis,18.229392,-21.058834,3.840,0.195
Eps Dra,19.802850,70.267930,3.840,0.888
Alp Hor,4.233363,-42.294368,3.850,1.085
Bet Pic,5.788079,-51.066514,3.850,0.171
Del Col,6.368564,-33.436400,3.850,0.858
HD88955,10.245607,-42.121942,3.850,0.051
Kap Dra,12.558058,69.788238,3.850,-0.116
Tau Cen,12.628394,-48.541304,3.850,0.049
Gam Ser,15.940882,15.661617,3.850,0.478
109 Her,18.394967,21.769752,3.850,1.168
Alp Sct,18.586785,-8.244073,3.850,1.317
Mu And,0.945885,38.499345,3.860,0.130
Sceptrum,4.636340,-14.304020,3.860,1.082
Eps Col,5.520209,-35.470519,3.860,1.130
Del TrA,16.257297,-63.685682,3.860,1.105
Gam Aps,16.557609,-78.897148,3.860,0.923
The Her,17.937550,37.250539,3.860,1.350
Sadachbia,22.360938,-1.387331,3.860,-0.057
Maia,3.763779,24.367748,3.870,-0.063
HD75063,8.767124,-46.041527,3.870,0.015
Ups-1 Cen,13.977987,-44.803584,3.870,-0.208
Mu Vir,14.717673,-5.658207,3.870,0.385
Iklil,15.948077,-29.214073,3.870,-0.199
Eta Aql,19.874547,1.005661,3.870,0.630
Eps Phe,0.156836,-45.747426,3.880,1.013
Mesarthim,1.892170,19.293852,3.880,-0.047
Rasalas,9.879398,26.006951,3.880,1.222
Kap-1 Lup,15.198918,-48.737819,3.880,-0.029
Iot Gru,23.172640,-45.246711,3.880,0.998
Azha,2.940458,-8.898144,3.890,1.088
Omi-1 CMa,6.902209,-24.184211,3.890,1.740
The Hya,9.239405,2.314280,3.890,-0.060
Zaniah,12.331766,-0.666803,3.890,0.026
Eta Cyg,19.938438,35.083424,3.890,1.019
Ukdah,9.664267,-1.142810,3.900,1.313
Pi Cen,11.350117,-54.491019,3.900,-0.157
HD117440,13.517405,-39.407307,3.900,1.186
Nu Tau,4.052606,5.989305,3.910,0.032
HD71155,8.427676,-3.906424,3.910,-0.012
Sig Cen,12.467331,-50.230635,3.910,-0.192
Pi Lup,15.085303,-47.051245,3.910,-0.144
Zubenelhakrabi,15.592105,-14.789537,3.910,1.007
Tau Her,16.329011,46.313366,3.910,-0.151
Eps Her,17.004827,30.926405,3.920,-0.018
Rho-1 Sgr,19.361211,-17.847197,3.920,0.228
Kitalpha,21.263731,5.247845,3.920,0.549
Kap Phe,0.436716,-43.679829,3.930,0.175
Del Phe,1.520851,-49.072702,3.930,0.972
Tau Per,2.904295,52.762479,3.930,0.758
Nu Eri,4.605317,-3.352459,3.930,-0.210
Zet Vol,7.697004,-72.606098,3.930,1.033
HD96918,11.143165,-58.975037,3.930,1.225
Ome-1 Sco,16.113452,-20.669192,3.930,-0.046
67 Oph,18.010754,2.931568,3.930,0.029
Wurren,1.139742,-55.245760,3.940,-0.120
Alp Mon,7.687454,-9.551131,3.940,1.022
3 Pup,7.730130,-28.954826,3.940,0.160
Asellus Australis,8.744750,18.154309,3.940,1.083
Nu Cyg,20.952893,41.167136,3.940,0.027
50 Cas,2.057268,72.421294,3.950,-0.002
Nu-2 CMa,6.611399,-19.255879,3.950,1.037
Zet UMa,13.398996,54.920471,3.950,0.130
48 Per,4.144357,47.712513,3.960,-0.025
Eta Col,5.985778,-42.815135,3.960,1.146
HD76943,9.010685,41.782911,3.960,0.463
HD79447,9.187985,-62.316977,3.960,-0.180
Arkab Prior,19.377303,-44.458965,3.960,-0.085
Rukbat,19.398103,-40.615940,3.960,-0.105
32 Cyg,20.257867,47.714208,3.960,1.451
98 Aqr,23.382842,-20.100580,3.960,1.082
Beemim,4.400613,-34.016846,3.970,1.468
Nu Aur,5.858166,39.148480,3.970,1.132
Del Vol,7.280508,-67.957152,3.970,0.760
Bet Pyx,8.668373,-35.308352,3.970,0.936
Rho Cen,12.194202,-52.368460,3.970,-0.156
Chi Lup,15.849316,-33.627165,3.970,-0.045
Eps Pav,20.009845,-72.910504,3.970,-0.032
Del-1 Gru,22.487825,-43.495565,3.970,1.022
Lam Peg,22.775521,23.565654,3.970,1.070
Menkib,3.982750,35.791033,3.980,0.016
Rho Cyg,21.566350,45.591837,3.980,0.885
Ups Cet,2.000084,-21.077831,3.990,1.554
Gam Mon,6.247592,-6.274776,3.990,1.319
HD90589,10.406592,-74.031612,3.990,0.369
Alcor,13.420413,54.987958,3.990,0.169
Gam Tuc,23.290498,-58.235734,3.990,0.410
Alp Vol,9.040777,-66.396076,4.000,0.145
Iot Leo,11.398736,10.529509,4.000,0.423
Jabbah,16.199926,-19.460708,4.000,0.076
Phi Per,1.727675,50.688732,4.010,-0.098
Mu Eri,4.758375,-3.254657,4.010,-0.148
Mekbuda,7.068481,20.570297,4.010,0.899
Ome CMa,7.246849,-26.772667,4.010,-0.150
HD129116,14.699332,-37.793498,4.010,-0.157
The Dra,16.031532,58.565251,4.010,0.528
Gam-2 Nor,16.330687,-50.155508,4.010,1.080
Zet Pav,18.717260,-71.428113,4.010,1.134
41 Cyg,20.489926,30.368555,4.010,0.404
Gam Pyx,8.842204,-27.709844,4.020,1.272
Alchiba,12.140225,-24.728875,4.020,0.334
Eps Aql,18.993711,15.068298,4.020,1.082
12 Aql,19.028008,-5.739115,4.020,1.079
Gam Tri,2.288573,33.847194,4.030,0.019
Bet Cam,5.056970,60.442245,4.030,0.921
Iot Cnc,8.778284,28.759898,4.030,1.007
Mu-1 Cru,12.909900,-57.177924,4.030,-0.180
70 Oph,18.090913,2.500099,4.030,0.860
Aldulfin,20.553547,11.303263,4.030,-0.123
Ome Psc,23.988525,6.863321,4.030,0.419
Beid,4.197761,-6.837581,4.040,0.327
Nu Vir,11.764322,6.529376,4.040,1.501
The Boo,14.419967,51.850744,4.040,0.497
Eta Aqr,22.589272,-0.117498,4.040,-0.083
Iot Per,3.151005,49.613278,4.050,0.595
Alp Cha,8.308703,-76.919722,4.050,0.413
HD74772,8.739987,-42.649276,4.050,0.874
Sig Leo,11.352276,6.029322,4.050,-0.058
Ups Boo,13.824623,15.797905,4.050,1.520
Psi Cen,14.342623,-37.885295,4.050,-0.030
Rho Lup,14.631454,-49.425828,4.050,-0.152
Tau-2 Aqr,22.826528,-13.592632,4.050,1.570
Omi-2 Ori,4.939521,13.514466,4.060,1.158
Ups Gem,7.598708,26.895741,4.060,1.540
Gam Crt,11.414702,-17.684010,4.060,0.216
Eps Mus,12.292917,-67.960736,4.060,1.603
Zet Cru,12.307298,-64.003071,4.060,-0.168
HD129456,14.727624,-35.173655,4.060,1.356
Eps-1 Ara,16.993069,-53.160438,4.060,1.452
Syrma,14.266908,-6.000547,4.070,0.511
Lam Lup,15.147394,-45.279857,4.070,-0.162
Bet Cir,15.291917,-58.801208,4.070,0.088
Del Cep,22.486183,58.415198,4.070,0.778
Zet And,0.788981,24.267178,4.080,1.100
Del Hyi,2.362498,-68.659418,4.080,0.034
Del Cet,2.658044,0.328511,4.080,-0.212
Tau-3 Eri,3.039863,-23.624472,4.080,0.163
The CMa,6.903167,-12.038628,4.080,1.418
HD83183,9.574071,-59.229753,4.080,-0.013
Alkes,10.996244,-18.298783,4.080,1.079
13 Lyr,18.922249,43.946088,4.080,1.397
The Cap,21.099118,-17.232861,4.080,-0.010
1 Peg,21.368110,19.804508,4.080,1.108
Phi-2 Ori,5.615108,9.290673,4.090,0.951
Gudja,15.812327,18.141564,4.090,1.616
Titawin,1.613299,41.405459,4.100,0.536
The Per,2.736634,49.228448,4.100,0.514
HD63922,7.820638,-46.373205,4.100,-0.160
Zet Tel,18.480505,-49.070588,4.100,0.995
Bet CrA,19.167154,-39.340796,4.100,1.163
Iot Eri,2.677781,-39.855375,4.110,1.006
Muliphein,7.062637,-15.633286,4.110,-0.112
HD73634,8.627399,-42.989081,4.110,0.109
Zhang,9.857970,-14.846603,4.110,0.918
Gam Cha,10.591166,-78.607786,4.110,1.580
HD102350,11.775232,-61.178398,4.110,0.895
Eps TrA,15.612000,-66.317037,4.110,1.161
Meridiana,19.157869,-37.904474,4.110,0.042
Zet Gru,23.014677,-52.754137,4.110,0.960
Eps Hyi,2.659799,-68.266946,4.120,-0.061
Mu Per,4.248295,48.409331,4.120,0.935
Mu Ori,6.039722,9.647276,4.120,0.170
Omi Vir,12.086817,8.732985,4.120,0.967
Iot Sgr,19.921026,-41.868288,4.120,1.063
Ome Cap,20.863692,-26.919133,4.120,1.633
Del-2 Gru,22.495955,-43.749224,4.120,1.570
29 Ori,5.399119,-7.808065,4.130,0.943
Nu Gem,6.482719,20.212133,4.130,-0.115
The Lib,15.897093,-16.729293,4.130,1.003
Psi Cap,20.768260,-25.270898,4.130,0.426
Bet Oct,22.767692,-81.381615,4.130,0.208
Iot Psc,23.665844,5.626292,4.130,0.507
5 Tau,3.514549,12.936678,4.140,1.112
Merope,3.772104,23.948358,4.140,-0.051
Del Hya,8.627602,5.703782,4.140,0.003
Eta Cru,12.114687,-64.613730,4.140,0.353
The CrB,15.548829,31.359133,4.140,-0.127
Eps CrB,15.959794,26.877880,4.140,1.231
Kap Peg,21.744092,25.645036,4.140,0.425
1 Lac,22.266160,37.748737,4.140,1.447
Del Mon,7.197739,-0.492764,4.150,-0.005
Rho Her,17.394708,37.145946,4.150,-0.011
Kap And,23.673469,44.333932,4.150,-0.071
1 Gem,6.068671,23.263341,4.160,0.835
Rho Gem,7.485195,31.784550,4.160,0.320
44 Oph,17.439504,-24.175309,4.160,0.283
Kap Cas,0.549997,62.931783,4.170,0.130
HD24160,3.824237,-36.200250,4.170,0.927
Ancha,22.280565,-7.783290,4.170,0.979
Kang,14.214929,-10.273702,4.180,1.323
Xuange,14.273074,46.088305,4.180,0.087
HD149447,16.606242,-35.255326,4.180,1.535
Eps Cep,22.250544,57.043587,4.180,0.278
Eps PsA,22.677594,-27.043617,4.180,-0.105
2 Cen,13.824091,-34.450776,4.190,1.520
110 Her,18.761035,20.546308,4.190,0.483
32 Ori,5.513070,5.948139,4.200,-0.143
11 Pup,7.947650,-22.880119,4.200,0.718
Bet LMi,10.464727,36.707212,4.200,0.908
Sig Her,16.568384,42.437041,4.200,-0.013
Xi Peg,22.778216,12.172888,4.200,0.502
Del PsA,22.932472,-32.539628,4.200,0.952
HD21291,3.484482,59.940330,4.210,0.419
Kap-1 Tau,4.422822,22.293874,4.210,0.136
Eps UMi,16.766159,82.037262,4.210,0.897
The Cep,20.493015,62.994105,4.210,0.199
Gam Pav,21.440705,-65.366198,4.210,0.494
16 Per,2.843063,38.318644,4.220,0.343
Tau-6 Eri,3.780804,-23.249723,4.220,0.434
HD64760,7.888378,-48.102934,4.220,-0.130
The Lup,16.109874,-36.802288,4.220,-0.184
Chi Oph,16.450399,-18.456251,4.220,0.217
Phi Dra,18.345955,71.337814,4.220,-0.093
Bet Sct,18.786242,-4.747867,4.220,1.087
Lam Pav,18.870288,-62.187593,4.220,-0.150
Del-2 Lyr,18.908412,36.898613,4.220,1.575
52 Cyg,20.761043,30.719715,4.220,1.051
Sig Cyg,21.290265,39.394681,4.220,0.098
Phi Aqr,23.238711,-6.049003,4.220,1.545
Zet Tuc,0.334142,-64.874791,4.230,0.576
Sig Gem,7.721867,28.883510,4.230,1.118
Bet Com,13.197904,27.878183,4.230,0.572
1 Cen,13.761471,-33.043721,4.230,0.390
Tau Vir,14.027443,1.544532,4.230,0.121
Phi Her,16.146162,44.934906,4.230,-0.045
Bet Aps,16.718126,-77.517435,4.230,1.060
Gam CrA,19.106971,-37.063437,4.230,0.523
Mu Cep,21.725127,58.780046,4.230,2.242
Pi-2 Cyg,21.779891,49.309570,4.230,-0.120
HD5848,1.145613,86.257090,4.240,1.213
Kap Eri,2.449755,-47.703840,4.240,-0.136
Pi Cet,2.735375,-13.858696,4.240,-0.122
Bet Cha,12.305812,-79.312240,4.240,-0.123
Chara,12.562411,41.357480,4.240,0.588
HD148703,16.523037,-34.704366,4.240,-0.168
Omi Ser,17.690243,-12.875307,4.240,0.086
Psi-1 Aqr,23.264859,-9.087737,4.240,1.107
Kap Tuc,1.262704,-68.875927,4.250,0.480
Lam Per,4.109735,50.351262,4.250,-0.011
88 Tau,4.594239,10.160790,4.250,0.184
58 Per,4.611508,41.264808,4.250,1.171
Lam Eri,5.152440,-8.754081,4.250,-0.187
Alsciaukat,8.380588,43.188131,4.250,1.550
HD111968,12.890607,-40.178872,4.250,0.224
5 UMi,14.458758,75.695993,4.250,1.431
Nu Cep,21.757480,61.120806,4.250,0.474
Phi And,1.158368,47.241792,4.260,0.012
Torcular,1.756564,9.157736,4.260,0.942
82 G. Eri,3.331944,-43.069784,4.260,0.711
Tau-5 Eri,3.563132,-21.632883,4.260,-0.106
Gam Dor,4.267097,-51.486648,4.260,0.312
Alp Cam,4.900836,66.342678,4.260,-0.008
Acubens,8.974784,11.857701,4.260,0.141
HD159433,17.609121,-38.635308,4.260,1.075
95 Her,18.025113,21.595782,4.260,0.406
Kurhah,22.063135,64.627971,4.260,0.379
Eps Psc,1.049058,7.890135,4.270,0.952
Mu Cet,2.749039,10.114146,4.270,0.311
Mu Tau,4.258905,8.892357,4.270,-0.054
90 Tau,4.635961,12.510838,4.270,0.122
Tau Tau,4.704084,22.956926,4.270,-0.112
Xi-2 Cen,13.115180,-49.906246,4.270,-0.182
Mu Lup,15.308897,-47.875272,4.270,-0.086
Arkab Posterior,19.386976,-44.799778,4.270,0.350
Gam-2 Del,20.777640,16.124296,4.270,1.042
The Psc,23.466138,6.378992,4.270,1.062
Ups Tau,4.438461,22.813583,4.280,0.263
HD81817,9.618151,81.326382,4.280,1.488
Alp Ant,10.452530,-31.067779,4.280,1.429
45 Oph,17.455909,-29.867033,4.280,0.402
33 Cyg,20.223288,56.567722,4.280,0.114
Iot Cap,21.370776,-16.834542,4.280,0.888
Pi-2 Peg,22.166457,33.178224,4.280,0.471
The Gru,23.114650,-43.520358,4.280,0.423
10 Tau,3.614551,0.401662,4.290,0.575
Lam Lep,5.326257,-13.176788,4.290,-0.235
HD92449,10.655112,-55.603268,4.290,1.025
Bet Hya,11.881813,-33.908124,4.290,-0.100
Zet UMi,15.734299,77.794493,4.290,0.038
Phi Oph,16.518991,-16.612733,4.290,0.924
Iot Aqr,22.107286,-13.869679,4.290,-0.075
Bet PsA,22.525090,-32.346073,4.290,0.011
Iot And,23.635610,43.268073,4.290,-0.083
Alp Scl,0.976766,-29.357449,4.300,-0.154
Xi-2 Cet,2.469317,8.460054,4.300,-0.053
Taygeta,3.753470,24.467278,4.300,-0.110
HD24071,3.809963,-37.620155,4.300,-0.038
Del-3 Tau,4.424828,17.927910,4.300,0.049
Pi Aur,5.998917,45.936736,4.300,1.701
Eta Hya,8.720410,3.398662,4.300,-0.192
54 Leo,10.926890,24.749718,4.300,0.016
Ups Leo,11.615814,-0.823749,4.300,0.983
HD102776,11.828077,-63.788478,4.300,-0.149
Eta Crv,12.534510,-16.196007,4.300,0.388
HD125288,14.338763,-56.386497,4.300,0.082
Alp-1 Cap,20.294130,-12.508212,4.300,0.928
HD74375,8.676953,-59.761003,4.310,-0.117
Del Oct,14.448801,-83.667884,4.310,1.300
Alkalurops,15.408181,37.377167,4.310,0.309
Ome-2 Sco,16.123424,-20.868764,4.310,0.831
71 Aql,20.638967,-1.105121,4.310,0.949
Psi Per,3.608159,48.192634,4.320,-0.058
54 Eri,4.674031,-19.671493,4.320,1.599
119 Tau,5.536875,18.594234,4.320,2.060
Kap Aur,6.256304,29.498076,4.320,1.021
12 Hya,8.772927,-13.547720,4.320,0.900
Alterf,9.528675,22.967971,4.320,1.541
The-1 Cru,12.050447,-63.312930,4.320,0.280
Diadem,13.166469,17.529431,4.320,0.455
3 Cen,13.863779,-32.994089,4.320,-0.146
Omi Lup,14.860641,-43.575359,4.320,-0.154
Nu Ser,17.347128,-12.846875,4.320,0.037
Gam CMi,7.469387,8.925530,4.330,1.425
HD111915,12.885258,-48.943315,4.330,1.344
Tau-2 Lup,14.436336,-45.379276,4.330,0.434
Guniibuu,17.255836,-26.602829,4.330,0.855
Pi Pav,18.143000,-63.668553,4.330,0.228
Kap Lyr,18.331031,36.064547,4.330,1.162
Alula Australis,11.303118,31.528783,4.330,0.590
Pi And,0.614680,33.719344,4.340,-0.123
Eps And,0.642602,29.311751,4.340,0.871
The Cas,1.185017,55.149901,4.340,0.170
Del Dor,5.746223,-65.735526,4.340,0.217
Xi-1 CMa,6.530935,-23.418422,4.340,-0.245
The Cha,8.344115,-77.484477,4.340,1.161
HD80230,9.270024,-57.541473,4.340,1.602
HD83446,9.613772,-49.355026,4.340,0.173
Ups-2 Cen,14.028748,-45.603421,4.340,0.598
Ome Lup,15.634232,-42.567348,4.340,1.412
Sig Oph,17.441911,4.140360,4.340,1.480
Zet-1 Lyr,18.746209,37.605115,4.340,0.192
111 Her,18.783686,18.181519,4.340,0.148
9 Peg,21.741860,17.350017,4.340,1.161
5 Lac,22.492173,47.706887,4.340,1.679
Botein,3.193822,19.726677,4.350,1.033
Pi-2 Ori,4.843534,8.900176,4.350,0.010
HD47306,6.582940,-52.975607,4.350,-0.021
15 Lyn,6.954612,58.422759,4.350,0.850
Eps Vol,8.132173,-68.617062,4.350,-0.113
Rho Hya,8.807214,5.837812,4.350,-0.044
Gam Com,12.448966,28.268423,4.350,1.128
2 Lup,15.297178,-30.148673,4.350,1.100
Yildun,17.536918,86.586460,4.350,0.021
Xi Pav,18.387117,-61.493901,4.350,1.462
The Lyr,19.272804,38.133731,4.350,1.258
Iot PsA,21.749113,-33.025781,4.350,-0.053
Bet-1 Tuc,0.525725,-62.958218,4.360,-0.064
Eta Phe,0.722567,-57.463060,4.360,0.024
Xi-1 Cet,2.216665,8.846717,4.360,0.878
Sig Per,3.509579,47.995216,4.360,1.367
37 Tau,4.078253,22.081926,4.360,1.064
Ome Eri,4.881575,-5.452695,4.360,0.257
Kap Lep,5.220522,-12.941291,4.360,-0.094
Gam Col,5.958947,-35.283280,4.360,-0.165
Iot CMa,6.935618,-17.054242,4.360,-0.063
Zet Mon,8.143236,-2.983786,4.360,0.970
Chi Cen,14.100770,-41.179633,4.360,-0.198
Iot Aql,19.612022,-1.286601,4.360,-0.079
30 Psc,0.032672,-6.014072,4.370,1.631
Kap Col,6.275871,-35.140519,4.370,0.978
Tau CMa,7.311802,-24.954375,4.370,-0.132
HD95370,11.002572,-42.225859,4.370,0.116
102 Her,18.145970,20.814557,4.370,-0.164
The-1 Sgr,19.995605,-35.276305,4.370,-0.150
The Vir,13.165831,-5.539010,4.380,-0.008
Kap Cep,20.148145,77.711419,4.380,-0.046
99 Aqr,23.434108,-20.642014,4.380,1.460
Bet Scl,23.549512,-37.818268,4.380,-0.095
Psi Phe,1.894102,-46.302669,4.390,1.597
HD23475,3.825357,65.525972,4.390,1.870
Phi-1 Ori,5.580344,9.489579,4.390,-0.157
Chi-1 Ori,5.906386,20.276174,4.390,0.594
Eps Mon,6.396135,4.592865,4.390,0.215
HD66141,8.037760,2.334571,4.390,1.252
31 Leo,10.131742,9.997508,4.390,1.448
110 Vir,15.048344,2.091303,4.390,1.026
Iot Oph,16.900131,10.165359,4.390,-0.088
Xi Oph,17.350101,-21.112933,4.390,0.394
Sham,19.668275,18.013890,4.390,0.777
Bet Sge,19.684150,17.476041,4.390,1.041
The Ind,21.331096,-53.449427,4.390,0.191
Eta And,0.953445,23.417648,4.400,0.940
Omi Pup,7.801436,-25.937169,4.400,-0.070
16 Pup,8.150455,-19.245014,4.400,-0.160
Kap Pav,18.949177,-67.233495,4.400,0.530
Del Ind,21.965293,-54.992575,4.400,0.297
HD50337,6.830921,-53.622449,4.410,0.899
Tau Gem,7.185659,30.245163,4.410,1.261
HD125823,14.383956,-39.511819,4.410,-0.185
Maasym,17.512308,26.110645,4.410,1.434
Nu Her,17.975041,30.189277,4.410,0.380
Ups Cyg,21.298632,34.896898,4.410,-0.103
Pi Cep,23.131623,75.387496,4.410,0.802
Psi-2 Aqr,23.298393,-9.182513,4.410,-0.144
Gam Scl,23.313733,-32.532027,4.410,1.109
Nu Ori,6.126201,14.768472,4.420,-0.164
Nu-3 CMa,6.631506,-18.237478,4.420,1.137
HD56096,7.225637,-44.639739,4.420,1.331
27 CMa,7.237559,-26.352507,4.420,-0.170
HD69142,8.234143,-40.347890,4.420,1.170
60 Leo,11.038827,20.179842,4.420,0.053
58 Hya,14.838147,-27.960371,4.420,1.366
Lam Ser,15.774060,7.353073,4.420,0.604
68 Oph,18.029222,1.305076,4.420,0.046
Bet Lac,22.392675,52.229046,4.420,1.015
Alkarab,23.422993,23.404101,4.420,0.617
Pi Eri,3.769037,-12.101589,4.430,1.604
Keid,4.254537,-7.652871,4.430,0.820
7 Cam,4.954780,53.752101,4.430,-0.017
Aladfar,19.229302,39.145968,4.430,-0.150
62 Sgr,20.044299,-27.709845,4.430,1.640
39 Cyg,20.397671,32.190172,4.430,1.331
Del Del,20.724315,15.074581,4.430,0.302
3 Aqr,20.795621,-5.027701,4.430,1.639
7 Cet,0.244005,-18.932866,4.440,1.640
Del Psc,0.811373,7.585079,4.440,1.500
Eps Ret,4.274738,-59.302156,4.440,1.078
Alp Cae,4.676039,-41.863752,4.440,0.342
2 Lyn,6.327052,59.010964,4.440,0.032
HD60532,7.567551,-22.296067,4.440,0.521
HD68553,8.189304,-39.618545,4.440,1.590
HD70060,8.309258,-36.659288,4.440,0.222
Sig Lup,14.543629,-50.457157,4.440,-0.177
Anser,19.478427,24.664905,4.440,1.502
Nu Psc,1.690526,5.487613,4.450,1.347
Bet For,2.818169,-32.405898,4.450,0.981
Iot Lep,5.204973,-11.869219,4.450,-0.099
Xi Ori,6.198999,14.208765,4.450,-0.180
Minchir,8.645955,3.341435,4.450,1.216
HD77258,9.001505,-41.253605,4.450,0.646
HD91942,10.593140,-57.557636,4.450,1.604
Del-2 Cha,10.763087,-80.540188,4.450,-0.188
Phi Leo,11.277695,-3.651601,4.450,0.210
Ome Oph,16.535611,-21.466390,4.450,0.130
Tau Dra,19.259229,73.355468,4.450,1.257
Mu Aql,19.568153,7.378941,4.450,1.176
Iot Cas,2.484437,67.402474,4.460,0.153
32 Eri,3.904862,-2.954730,4.460,0.672
Rho Ori,5.221523,2.861265,4.460,1.166
15 UMa,9.147863,51.604648,4.460,0.288
Bet Crt,11.194302,-22.825847,4.460,0.025
HD105382,12.134788,-50.661278,4.460,-0.163
Eps Nor,16.453067,-47.554786,4.460,-0.070
Gam PsA,22.875427,-32.875504,4.460,-0.037
Tau-1 Eri,2.751715,-18.572563,4.470,0.481
HD20644,3.338989,29.048458,4.470,1.555
Pi-6 Ori,4.975806,1.714016,4.470,1.369
Lam CMa,6.469503,-32.580070,4.470,-0.169
13 Mon,6.548396,7.332965,4.470,0.023
HD65818,7.970678,-49.244912,4.470,-0.180
HD78791,9.085785,-72.602705,4.470,0.607
Kap Leo,9.410906,26.182324,4.470,1.222
26 UMa,9.580405,52.051477,4.470,0.027
HD102964,11.852419,-45.173470,4.470,1.283
Sig Boo,14.578000,29.745130,4.470,0.364
16 Lib,14.953055,-4.346462,4.470,0.318
Del Equ,21.241337,10.006981,4.470,0.529
Lam Gru,22.101914,-39.543353,4.470,1.349
Omi Cas,0.745420,48.284364,4.480,-0.069
Gam Ret,4.014946,-62.159284,4.480,1.500
71 Tau,4.439094,15.618265,4.480,0.262
18 Mon,6.797680,2.412159,4.480,1.099
Alp Sex,10.132300,-0.371637,4.480,-0.032
Gam Cir,15.389625,-59.320787,4.480,0.169
Psi Oph,16.401718,-20.037327,4.480,0.996
Fumalsamakah,23.064615,3.820045,4.480,-0.115
86 Aqr,23.111345,-23.743115,4.480,0.892
48 Cas,2.032644,70.907020,4.490,0.164
Ups-1 Eri,4.558490,-29.766492,4.490,0.972
30 Gem,6.733137,13.228017,4.490,1.167
HD55892,7.209350,-46.759305,4.490,0.324
HD64503,7.877402,-38.862812,4.490,-0.188
21 LMi,10.123821,35.244693,4.490,0.190
Pi-1 Boo,14.678768,16.418324,4.490,-0.002
The Cyg,19.607372,50.221103,4.490,0.395
24 Cap,21.118797,-25.005853,4.490,1.604
Mu-1 Cyg,21.735710,28.742632,4.490,0.512
Lam Psc,23.700779,1.780041,4.490,0.200
Ome-2 Aqr,23.712039,-14.544905,4.490,-0.032
Eps Tuc,23.998594,-65.577132,4.490,-0.075
Ome Ori,5.653096,4.121467,4.500,-0.098
Gam Pic,5.830451,-56.166663,4.500,1.075
HD75311,8.778487,-56.769776,4.500,-0.169
HD89890,10.348557,-56.043220,4.500,-0.102
93 Leo,11.799762,20.218931,4.500,0.547
Tau Boo,13.787710,17.456906,4.500,0.508
23 Vul,20.262816,27.814242,4.500,1.258
Nu Aqr,21.159902,-11.371693,4.500,0.926
36 Cap,21.478721,-21.807180,4.500,0.889
Mu PsA,22.139722,-32.988468,4.500,0.054
HD211073,22.231312,39.714927,4.500,1.385
11 Lac,22.675233,44.276305,4.500,1.318
Sig And,0.305463,36.785224,4.510,0.054
Tau Psc,1.194342,30.089638,4.510,1.092
Tau Aur,5.819567,39.181071,4.510,0.949
Eps Ant,9.487423,-35.951335,4.510,1.408
HD83944,9.655839,-61.328060,4.510,-0.070
Iot Ser,15.692516,19.670401,4.510,0.062
Rho Dra,20.046960,67.873565,4.510,1.313
Eta Ind,20.733966,-51.920971,4.510,0.278
Eps Cap,21.618008,-19.466011,4.510,-0.180
Del Tuc,22.455531,-64.966354,4.510,-0.029
Rho Cas,23.906398,57.499382,4.510,1.190
Lilii Borea,2.798480,29.247118,4.520,1.112
HD116087,13.377211,-60.988393,4.520,-0.141
HD116243,13.400128,-64.535668,4.520,0.822
Khambalia,14.318498,-13.371095,4.520,0.128
Psi Boo,15.074098,26.947649,4.520,1.240
Eps Tel,18.187157,-45.954418,4.520,1.009
Ups Sgr,19.362117,-15.955018,4.520,0.079
HD198084,20.755878,57.579725,4.520,0.535
2 Peg,21.499137,23.638838,4.520,1.618
6 Lac,22.508128,43.123376,4.520,-0.086
Bet-2 Tuc,0.525946,-62.965561,4.530,0.147
Nu And,0.830234,41.078911,4.530,-0.136
HD40657,6.000930,-3.074253,4.530,1.202
HD61330,7.622809,-34.968530,4.530,-0.081
Kap-2 Boo,14.224718,51.789965,4.530,0.233
HD157950,17.443856,-5.086596,4.530,0.385
3 Sgr,17.792674,-27.830788,4.530,0.600
Lam Cyg,20.790149,36.490717,4.530,-0.083
7 And,23.209160,49.406207,4.530,0.302
16 Aur,5.302935,33.371613,4.540,1.252
Xi-2 CMa,6.584274,-22.964793,4.540,-0.035
Tau-2 Hya,9.533036,-1.184664,4.540,0.109
10 LMi,9.570384,36.397558,4.540,0.914
24 UMa,9.574703,69.830343,4.540,0.781
Xi Boo,14.856493,19.100460,4.540,0.720
Iot-1 Lib,15.203692,-19.791710,4.540,-0.071
Phi-2 Lup,15.385931,-36.858489,4.540,-0.155
59 Sgr,19.949120,-27.169899,4.540,1.462
55 Peg,23.116739,9.409492,4.540,1.559
70 Peg,23.485915,12.760554,4.540,0.939
2 Cet,0.062330,-17.335988,4.550,-0.047
HD21389,3.498540,58.878750,4.550,0.489
Gam-1 Cae,5.073440,-35.482978,4.550,1.177
HD49878,7.001081,76.977408,4.550,1.365
6 CMi,7.496606,12.006564,4.550,1.276
Phi UMa,9.868433,54.064332,4.550,0.038
HD138769,15.598126,-44.958389,4.550,-0.175
Omi Sco,16.343939,-24.169320,4.550,0.758
HD165634,18.134716,-28.457093,4.550,0.938
11 Cep,21.698652,71.311417,4.550,1.108
2 Lac,22.350428,46.536569,4.550,-0.100
4 Lac,22.408609,49.476392,4.550,0.092
17 Per,2.858566,35.059741,4.560,1.554
Del Ret,3.979095,-61.400185,4.560,1.590
136 Tau,5.888790,27.612262,4.560,-0.008
HD77912,9.108825,38.452215,4.560,1.037
72 Leo,11.253397,23.095502,4.560,1.657
Tau-1 Lup,14.435619,-45.221424,4.560,-0.147
Sig Ara,17.594332,-46.505684,4.560,-0.020
31 Vul,20.868801,27.096979,4.560,0.835
63 Cyg,21.110026,47.648403,4.560,1.569
HD22663,3.618244,-40.274545,4.570,1.023
Cujam,16.423598,14.033270,4.570,0.002
Rho Oph,16.426422,-23.447178,4.570,0.227
Dziban,17.698978,72.148843,4.570,0.434
113 Her,18.912468,22.645076,4.570,0.782
Del CrA,19.139156,-40.496703,4.570,1.070
13 Vul,19.891026,24.079614,4.570,-0.047
42 Ori,5.589768,-4.838358,4.580,-0.183
HD85622,9.861298,-46.547620,4.580,1.172
HD93070,10.725639,-60.566619,4.580,1.700
HD114529,13.204892,-59.920579,4.580,-0.073
10 Dra,13.857205,64.723272,4.580,1.572
13 Sco,16.205057,-27.926372,4.580,-0.172
